ID,price
1,1555.765187935567
4,1834.5180311108081
9,538.8002312006619
11,699.6901432356092
13,545.5615800267803
15,570.996789278818
18,665.166748350264
20,682.4783869802009
24,827.1329302330658
30,728.5227288723305
31,653.047138613515
32,705.1197049219551
34,2087.7005042406827
37,594.6919867266886
38,1859.2579577380927
40,2227.9282284440874
46,1200.8027827514295
47,1136.8053481237664
48,882.7521614467687
51,1385.9944890108889
59,906.4356938589281
60,882.7521614467687
66,862.100705237669
74,833.3419673297324
77,872.5735164964238
81,854.0762249980988
82,711.4235839989942
88,883.816145327129
89,1416.8821772886602
93,915.6229513830077
94,820.9023719232043
96,918.9533897272526
97,1151.7326962473703
100,682.7074844619785
102,837.4799651768643
103,839.02034366415
104,920.5799992249972
107,644.4432705595614
108,844.6193656588423
109,689.4144522512561
112,641.5652163335625
119,1151.7326962473703
120,629.89881464429
132,592.8381385618819
133,919.9039770290444
136,633.186256469749
145,697.4009898865543
150,732.1124792521273
158,711.4235839989942
169,2357.4169473939714
170,962.4667701405333
173,664.9526888715021
178,995.9390465456313
181,984.3105324675823
186,954.9649914637325
200,984.0393472251785
210,821.0641269909777
211,1208.412379580204
212,717.6304774592378
213,791.8830214563355
218,747.8438074269852
222,763.5192600109206
223,1138.2017972658168
230,674.6016227517906
234,973.2097399849167
240,1940.4482853839309
246,1366.977009922734
248,857.6493404088882
249,781.8784149262262
252,2583.5028736939685
253,985.2482811749193
260,1092.737257357103
264,1245.0044198867333
266,818.2072037473421
268,2431.3390186164484
275,2431.3390186164484
287,981.8028368398477
291,862.9124818791963
292,635.8970451578384
293,1198.4093834355397
304,951.3766517420925
305,657.7960987073674
312,1278.333363274249
316,555.5311250922787
317,1129.9771038799229
319,636.6233237628609
320,2394.9065531256424
322,1168.5260173281122
324,689.1010251167361
331,1266.2576296250372
334,2643.0991976494947
335,2511.7033582615095
336,1525.7595033532093
338,658.2021269342711
347,1259.523066523997
348,1189.2840905104915
350,1676.671251758611
351,1032.3039141174024
354,973.6871094503622
355,973.6871094503622
361,1029.703898637944
368,1029.703898637944
377,1441.0750798906026
380,908.6755668796411
382,1230.2424666863592
386,1206.013385932319
389,800.007401770373
394,1118.9631731632303
395,921.4271666934094
401,978.0856771842848
404,1040.5834786085004
409,720.7079409272582
411,939.5374938102233
412,856.9354911325028
417,830.3832698215825
428,1029.703898637944
430,690.4422950404272
440,883.2511860209131
448,621.9703593718016
450,436.92037309206705
454,644.1582776034941
456,2291.243421040596
458,854.705238628024
462,1627.5576545194149
463,845.0100953280586
466,1636.1016223381043
473,1015.5192865488801
474,1135.6985917920363
475,779.9012828300977
484,1021.6527741435103
486,964.7291677230617
488,1182.3765708872845
497,794.5217130927898
501,2737.369240922621
510,1712.2888316891797
511,1000.1371456573543
512,1000.1371456573543
514,1010.903907700336
519,738.6620311735469
533,859.615279981213
534,979.5806456460248
539,662.4443851713006
541,2373.167792138856
544,632.1425046959594
551,726.8122205660507
555,745.7029939129978
564,522.7566616316374
565,1584.2505601095409
568,2593.5864171259223
569,2593.5864171259223
577,1231.7230024678151
578,1261.9664314265192
583,888.0294753890219
587,1150.5232299039849
591,882.4118730657767
592,2962.6016413827424
593,2962.6016413827424
595,952.0903071736113
602,1007.638887371729
604,1579.8792380509499
605,1127.32738145527
606,1281.9181064124077
612,2822.0794763167087
614,1502.2748975224483
618,2962.6016413827424
619,1162.3989493197703
621,657.1541760478644
622,2044.0000320652482
624,2390.037040581288
625,944.695057152312
626,1727.3105065400432
638,1075.6014890942524
648,2044.8149130536938
654,1178.3121468089037
656,732.2076354536982
665,801.0624757288576
669,717.7171064828859
674,2603.1524842402073
676,1767.9682160694651
677,1145.4202785400294
679,716.91980477366
683,944.70402205176
684,1198.080630272272
697,1205.4213695476014
701,1184.8025370426353
706,830.591932365795
709,970.1823433992915
711,993.686007949707
712,988.8959898720282
713,634.8174748302807
714,662.9172160229975
716,988.3371368060624
719,935.6532543018368
725,902.4184169943248
731,784.9206581215781
734,1336.6354644143578
736,1806.045529004518
737,2140.1757866277635
739,1654.0261944603094
743,1340.5224096955728
744,1584.5314889943136
746,843.4481253154648
748,3131.0015816148075
749,1584.5314889943136
750,3128.1736479106107
755,3128.1736479106107
759,1252.3623203024952
762,1224.8396445761207
764,1183.6736141944987
765,925.0343433196069
766,948.7388731039271
767,948.7388731039271
775,1126.5343516964076
783,1722.7701354790088
790,1775.4769230135998
795,777.0220169333094
796,796.9998930133714
800,980.6404941532913
810,1108.8777697989265
811,679.8750107492396
812,448.0389752730722
822,1476.301542302484
829,1252.3623203024952
832,954.54842281929
834,1311.2601246295442
835,1435.8201990030464
838,954.9680925862557
842,1800.5145628390278
851,1476.3148341481185
853,1270.2750883483354
857,1247.7627309421846
859,1081.6505520112682
863,1536.642631754258
867,857.7564035155455
869,980.6404941532913
872,1569.6701818810386
873,1258.525299902157
880,1670.5841894125303
884,2456.8186309540342
907,1366.6659375148913
909,1022.0197560136163
915,1064.6740271558047
922,960.6951072202637
928,980.0907132453542
933,1138.3030845438207
935,721.4069630578945
941,1033.3876379195638
948,700.1104362053939
953,870.0841709325633
958,611.8153963672403
959,870.0841709325633
961,530.2190697432997
965,666.6206453678163
966,650.87997624813
968,794.1363926185587
971,553.7811470078728
972,781.7432704260818
995,801.0144460610898
1003,1689.291594916966
1006,904.4779422795832
1010,597.5342556216389
1011,1350.1038742010192
1018,1263.6875137535733
1019,1004.8286503188282
1021,1163.0410216172952
1023,985.4330442937381
1027,1613.1893119647941
1028,1591.6145470637857
1035,860.9201880117959
1039,616.7553070938291
1045,1060.1639222131766
1047,1059.5284161971088
1053,1244.3122963723247
1056,1321.5565079464996
1057,1619.5717220547524
1058,1625.6274158955457
1062,1175.383885671973
1069,780.0983037335499
1072,592.4751465326393
1076,1195.9781448763092
1077,999.9081882893344
1079,1075.7893354201824
1085,1194.4625643499066
1088,1090.6925486963848
1091,875.6529903800857
1096,811.2624362328256
1102,1597.352814352159
1104,901.6865795753242
1108,964.9848699909355
1110,1063.192106079498
1112,721.5743199130591
1113,701.7746012036027
1114,944.4565980978119
1116,1012.2087473882231
1124,939.8759521977104
1127,1422.790742103421
1128,892.8333320994554
1140,1411.8617990463663
1143,948.6427041088183
1145,955.5493435223989
1146,1344.2102565902528
1148,964.8413532697787
1150,1083.9344824429022
1154,1107.9333344532083
1156,1184.4129956707038
1157,800.9115821422074
1163,800.9115821422074
1176,849.0535124269568
1181,1001.5518235773592
1184,849.0535124269568
1189,1184.4129956707038
1195,1582.9092053548434
1196,1405.8403263828525
1198,1184.4129956707038
1200,1405.8403263828525
1209,1370.3398442279345
1211,857.026934811494
1218,1349.5124352111075
1220,1329.2824544746627
1221,1154.8169734235703
1223,1530.5108150440653
1225,832.7587015401249
1227,2634.3496353687965
1246,851.1876387457677
1248,1242.8952397567841
1251,1064.508741052473
1254,1225.2492872920118
1255,1293.1296558984907
1262,1570.875939238691
1264,1746.1554092403014
1278,809.8751992381099
1279,1006.1491490923175
1281,791.2851580846644
1286,819.6843852810734
1288,1351.5040071640872
1296,2130.75142082718
1298,785.4421227066974
1299,1093.2861101682497
1311,756.9061560915679
1314,1434.5322747701705
1315,1311.6611498442003
1316,1382.8437621318121
1319,922.5609319077632
1323,607.7397576960856
1324,1361.2415429864752
1329,743.9107853504138
1331,915.8320611686713
1340,853.4908772638136
1347,1568.7745528974724
1348,1008.1484840145138
1350,1498.8269859978097
1355,1678.8963948383982
1356,1372.1415082684416
1361,930.380298136163
1370,1152.767487402309
1373,1037.4118756964347
1374,1037.4118756964347
1375,811.0607213872793
1380,1225.1578899573194
1384,895.6054604504411
1393,740.6279288300703
1394,634.5407886368226
1401,678.8697970600723
1403,554.7264765197663
1407,889.3616227919819
1414,605.1331525779261
1415,538.6940358887296
1417,1648.982661435348
1418,886.6668982673629
1419,1004.0338400320614
1422,1265.995138287381
1427,886.7284591580288
1430,1125.1357201046587
1431,828.5867677850059
1433,1027.7762988595105
1439,1396.9609602541232
1442,1555.302695028536
1447,994.3977531754553
1453,1140.3535120042513
1454,1249.9828584722065
1457,2079.0878811034245
1459,1374.0437071370025
1469,982.548584780511
1471,939.2560594789061
1473,735.2103809333214
1478,833.6120624749024
1480,728.5791852872072
1483,1850.1828121862284
1484,889.8043383294251
1489,1089.899986195238
1497,1118.343232535723
1499,1118.343232535723
1502,928.4813859619144
1503,1374.0437071370025
1510,1118.343232535723
1513,1907.3361391126834
1514,847.178702421451
1517,1118.343232535723
1528,1088.7380370103117
1531,767.7706019326135
1537,831.7697443816351
1544,962.0555164594834
1545,931.4235329605177
1551,1120.0771545325294
1558,1377.5429976244834
1559,813.8248580575796
1560,827.0675185791991
1562,781.1290025973195
1563,969.9268281256082
1569,1116.7564396741088
1570,1004.0647498356577
1571,895.5776225384943
1576,1118.343232535723
1577,806.576488316478
1579,765.7983276418801
1583,847.178702421451
1594,1370.6682751074695
1596,1259.2104973261073
1598,837.3373473137142
1600,959.3602065600352
1601,843.3920120541696
1604,692.1297119609766
1607,788.6743703446434
1609,1321.3472970153769
1615,816.6581504220184
1616,756.2212327622641
1617,656.5640454829369
1618,956.7908925626421
1619,1191.8657252491257
1624,1165.8564412855621
1627,818.3183958738633
1632,1833.161316390273
1643,1915.5248848980061
1644,2211.2045684626482
1650,1231.5084848292158
1651,842.5141408806743
1656,945.415969335428
1659,771.8363592338902
1663,1885.0654648350676
1666,953.9459641996602
1671,1450.7039862476986
1672,1472.6316939744472
1673,1207.5623513906855
1684,1816.7521781954397
1685,2026.1142892636644
1689,1370.229196656542
1692,960.3687042718697
1700,827.3013652065392
1714,716.5034697924822
1719,877.8991272098059
1721,1306.8554474382488
1722,1095.5574098870345
1727,1204.902919093979
1729,1019.5961913294332
1731,930.2874152535895
1732,1204.902919093979
1733,1204.902919093979
1738,877.8991272098059
1740,931.5774529584598
1741,1168.1093218656192
1742,901.9604548142537
1746,1281.6584367144762
1747,889.44099232468
1748,1188.893700829057
1759,1156.545513719728
1761,982.2551415911245
1766,1207.504844826187
1769,858.7890508434634
1771,1156.545513719728
1776,879.4670082049371
1781,3578.2297778123943
1784,1246.1349971226523
1786,600.0609110089971
1791,3578.2297778123943
1792,2016.598447303548
1794,2214.310002778363
1795,2091.507391549218
1796,2725.0223335761216
1804,1386.7537774061661
1806,1680.6322191004008
1808,1685.026435800637
1818,1282.7696176249938
1826,1711.776486506284
1833,1422.6707112325778
1834,1205.6873340381476
1836,1166.9878820827632
1841,1111.4387030904309
1852,949.6719554975843
1863,922.8228455364595
1865,1020.6313680479345
1878,815.6043115144502
1881,720.7510131221759
1889,918.8954840661781
1892,839.2538727563522
1898,801.3977856145481
1902,842.059132688865
1916,753.0287097775346
1919,915.0369716163716
1920,697.8586119317749
1922,822.1525031346517
1923,697.8586119317749
1929,853.6650241971012
1935,624.4956492798316
1938,656.2520996251524
1942,1147.606416149218
1946,1037.9938031311785
1948,885.2967852364694
1955,1122.8752819019703
1958,993.7894088805352
1963,1871.3786318573564
1964,1160.6854062863788
1966,890.2186429610196
1979,954.7591081643153
1982,934.4869956099545
1983,833.3637091555579
2003,1113.5429175043253
2005,1149.7393825354598
2009,677.8372674035082
2013,1388.7149733856627
2014,1243.2321405297685
2019,885.8835251697765
2023,1291.6895652527458
2026,1121.6885928170948
2030,1089.6324700233254
2035,727.4262190996542
2037,1571.1423899568492
2040,1316.5843059526926
2046,3714.3871914808087
2055,1479.4843717003973
2056,1551.6543851334247
2058,986.6361148444037
2068,1690.828867656247
2073,1894.8290826460666
2076,885.1674381146739
2084,1149.7303218003406
2088,929.5840888432198
2089,689.9615994861484
2095,1381.796698663753
2099,1161.5557837287135
2108,1161.5557837287135
2109,1072.6626995367753
2110,935.357373052289
2111,1161.5557837287135
2112,867.2004467851606
2115,936.6374981324819
2116,868.3610877468057
2120,692.305494340227
2123,1255.0485417230223
2125,1019.1698664677774
2128,893.2186782773364
2129,2365.5154257146387
2130,1929.3741369071317
2133,1400.5313745789165
2134,1402.472347978797
2139,869.148679591473
2146,1324.3999485005427
2148,1161.5557837287135
2150,1153.0300583129767
2151,801.3982125106829
2153,1758.7498384633654
2158,889.8621670793109
2165,725.5992794326936
2166,2619.57038283354
2168,1703.441114415943
2169,1408.5142714167682
2176,1148.7102660849196
2179,1148.7102660849196
2184,1148.7102660849196
2190,977.4662270198206
2192,913.302787837819
2200,1148.7102660849196
2211,621.3823965411021
2214,1421.9081834667893
2215,1550.415604885947
2216,920.6229617038377
2222,3730.0599510399693
2226,1182.9325926165864
2228,977.3939948326381
2229,950.9608977310926
2232,1980.6150690444638
2233,1341.2159982577905
2234,1803.2141181441675
2237,933.1758950288637
2240,1039.4677602218712
2246,1045.7303841484313
2250,939.7160041753175
2252,1171.6876990608114
2253,1045.7303841484313
2255,1171.6876990608114
2261,700.0935148182461
2265,939.7160041753175
2271,2092.6531510590726
2273,1406.991840028145
2274,1564.7555464353886
2276,913.2912478935212
2287,1126.4150941327564
2288,1162.8582321441154
2289,737.9889676625702
2292,1720.0587827721686
2302,1412.302894833995
2303,1213.4757993374392
2304,1183.9307635197829
2305,1185.339003992849
2311,966.7591535129026
2317,1198.7308483983963
2320,1119.983209414723
2329,1160.0540204419635
2336,1661.479756161079
2338,1423.8719967559755
2341,1260.0102601664253
2345,1500.1271345904609
2349,1062.1396769917346
2359,805.6771095412107
2361,889.3048619174946
2363,696.0851071032201
2374,1160.0540204419635
2376,1160.0540204419635
2378,1160.0540204419635
2389,1165.8272177620145
2390,903.5175868492662
2393,1571.0987094752004
2406,1245.34477353615
2407,1194.3402267216893
2408,939.6288070855902
2413,609.8104507200011
2418,923.1909314396423
2421,1966.3078293567005
2424,1325.346830832229
2437,1356.3232519652638
2448,736.044044991415
2454,1012.7767090642
2456,836.8732669263692
2457,1045.9233897006168
2459,788.6629160106224
2465,2510.359706736927
2466,1725.3838710265168
2471,2186.1643348931384
2474,1158.1963321655546
2475,1703.7275634098223
2479,1865.6064265591926
2484,1427.0062340636098
2485,2133.4229436848964
2486,1547.9636941080707
2487,1278.5470076705626
2493,1408.0708213618698
2499,1017.0142611065393
2511,1158.1963321655546
2514,950.555548039943
2516,1102.033093727504
2517,895.8867012528061
2518,895.8867012528061
2520,1042.9964500815038
2523,1086.9313580697994
2524,1175.214987702526
2532,1158.1963321655546
2535,1015.8104149046186
2541,1104.2869617290498
2543,922.6737951565825
2555,892.2490832576796
2575,747.1800930538133
2587,662.2546606335021
2589,836.2539121445075
2593,1724.4973638171136
2603,1027.87906550498
2610,1006.0483851548462
2612,1048.933513772469
2615,765.5920169602487
2616,1020.1110738542907
2620,802.3234403840197
2621,802.3234403840197
2626,894.8543792855529
2628,954.7916516770157
2639,1048.969195658456
2649,786.0066640290688
2651,1035.6301437657628
2652,903.7384924183166
2665,1513.6550900735608
2674,1704.77323940972
2679,921.5986033269371
2681,1019.4381296808962
2685,3698.367042475047
2686,2009.0581811683114
2689,1263.6832627973024
2690,1598.8911854541118
2692,1592.7558728534732
2693,1667.1079311409765
2698,1129.9844584383286
2699,1247.150366735162
2702,1208.8610433165402
2708,1008.6766673029526
2716,921.5986033269371
2719,732.1966942590115
2725,709.0021885050805
2730,843.0034742746238
2733,1859.678743099194
2743,1234.4087046664324
2749,1778.8986260681088
2751,1311.4087510394618
2752,1294.8488248491453
2754,945.9817631902993
2755,1245.3083630333203
2756,947.1462646768293
2759,1681.833616358809
2761,1027.757832917238
2767,1221.2289025280065
2770,1026.9557330838252
2771,960.8221180179224
2772,717.0146871153354
2778,1221.2289025280065
2795,3701.2173079905747
2803,940.4278274208177
2808,2352.55348516707
2817,969.2130939293941
2819,898.0113301991754
2821,659.175289951743
2827,794.8942591474569
2836,748.5961821506004
2841,794.8942591474569
2847,1359.1845603493443
2849,712.1621841942341
2856,1113.4431280333233
2860,2334.2417594762883
2863,1240.4325605226466
2865,1449.896303773882
2868,1107.4801614004334
2869,1257.3113633624523
2871,982.728815369759
2877,1257.3113633624523
2881,872.154023858955
2883,2247.4387693069634
2886,1070.4926336061624
2887,923.4671846692203
2890,958.836415317556
2895,1452.2762621428258
2907,1408.5930410472436
2909,1457.5213209301164
2911,884.9864461492244
2923,918.7730991525003
2927,1437.8003253571212
2928,884.002419439882
2931,989.0135258336517
2936,1227.005862685471
2955,738.382217535487
2956,721.8746286992929
2957,1487.8134857110624
2958,1409.3533624935312
2961,1437.923160236339
2964,986.2361255619982
2969,1368.0993981175707
2971,1368.0993981175707
2974,1185.9244390914196
2983,1369.3158049631377
2992,2010.5722581340708
2996,1287.4938350786026
2997,1492.4968366128114
2998,1492.4968366128114
3001,1325.4954285146173
3003,1093.6348954448752
3007,1059.033494210766
3008,1368.0993981175707
3012,1107.8992230633214
3015,986.2361255619982
3017,1049.5544546964325
3018,746.1321687979276
3019,1144.7513399353668
3020,970.5786536724718
3022,992.6305904372147
3026,753.7192567870055
3027,929.4117150539664
3028,696.9128602034355
3033,1310.4693609156325
3034,1185.9244390914196
3035,745.8364749418289
3038,1614.0385698331659
3039,1640.173809559238
3044,1034.604241512651
3048,1449.092595516978
3051,929.4117150539664
3056,1310.9933329949026
3058,1092.9745917406574
3059,2581.0231471378956
3060,2220.2711462407437
3065,703.4921809932916
3071,913.6245623388503
3072,1164.4017731753895
3078,981.3009522108064
3079,808.8181267437931
3080,725.3026192415475
3081,1523.469840022956
3083,1240.8744931147073
3086,1267.798471634781
3091,1368.0993981175707
3092,1569.9354683791
3095,1164.4017731753895
3096,2220.2711462407437
3101,1185.6573526363081
3102,1180.1549052674743
3106,986.2361255619982
3108,2546.7670714970404
3112,1479.002987751213
3123,2204.39519331365
3126,1101.2217437698687
3127,1017.4255314473785
3128,1193.3584980750586
3129,937.8529136917884
3131,1059.851820827431
3132,744.450976305025
3133,937.8529136917884
3143,1687.0178912147728
3144,854.6131974401178
3146,970.8128552229139
3147,988.9729245924464
3149,2022.7566562208099
3150,1145.0712391767588
3152,1101.5351904831862
3155,1020.3080646382751
3161,1145.0712391767588
3173,1428.046484937855
3182,1246.7037846243477
3185,917.7731961584266
3188,1903.3577487832904
3195,1105.3530003022902
3205,1395.7817762462098
3206,1083.4352641488586
3209,1060.8272998346133
3210,961.1997616955757
3211,1220.1913700280595
3232,1090.6129899468342
3236,964.8330595842425
3239,3588.1282373672243
3246,2341.2294219900828
3252,1971.9681014389582
3258,2182.4304483488804
3264,2008.9676129087086
3266,1522.21057236814
3275,1305.7682753335382
3280,1141.284683943283
3282,2070.6340010152676
3283,1423.5292614670336
3287,1496.0609300320457
3289,1423.5292614670336
3291,1361.28100047053
3296,1326.2014168035778
3298,1085.447122825453
3299,1623.0982039795836
3300,1496.0609300320457
3306,1195.4800100810353
3308,1141.284683943283
3315,1141.284683943283
3316,955.069793950705
3317,901.3527882104934
3318,1213.4720072588561
3320,1514.0340439452186
3321,955.48980435857
3326,1191.137037927776
3330,1165.9003739412142
3335,915.1535767662151
3338,1216.6310108438445
3351,901.3527882104934
3353,1366.1294054615216
3354,1017.370283506532
3356,803.1805744948269
3371,649.5857956368116
3376,817.9263253847564
3379,1179.186133633298
3382,927.0262361434201
3388,775.2479141776347
3393,910.3602223469317
3394,910.0277914765331
3397,775.2479141776347
3400,825.895536768942
3401,714.8423480387794
3411,989.3448985477943
3412,775.2479141776347
3425,1601.4835660402525
3429,1034.9464498517366
3434,700.9976300764464
3435,1610.1999550287508
3444,932.0399024316912
3449,1147.6382736185435
3458,1738.203586384322
3459,1251.3609740778556
3460,1262.1437600703068
3461,1258.6022608120027
3462,1251.3609740778556
3465,853.6004200268874
3466,774.197837378046
3468,2393.6738934605305
3470,2014.7625226277635
3471,1813.2110203722737
3474,1813.2110203722737
3483,965.3290442130693
3488,1153.4221022617085
3498,993.7944988650809
3502,1502.8722135879423
3509,955.7462653319677
3510,1255.2744364139155
3519,1513.2917750835893
3520,1259.5561853831744
3521,1259.5561853831744
3523,1011.3501509698962
3527,899.7376350487633
3528,2803.022232975619
3530,1929.7186982696605
3533,1715.8217437024537
3539,1275.3067822303085
3541,932.5211483424079
3543,913.2412771762139
3544,888.5335854979718
3549,1331.7524041236268
3551,786.5353271876669
3556,992.2521247670226
3567,946.4675721131501
3575,981.4957652786826
3578,1682.8787905707106
3579,1803.561616308172
3594,1113.2334780618971
3596,987.3587927613025
3602,1010.4753926640328
3606,1802.7642414108193
3610,1318.2751187336519
3616,977.9639253242995
3617,1308.1010587770327
3622,1080.1513852943835
3625,987.3587927613025
3640,902.7015771158929
3644,3255.7497317698394
3647,1438.019732630664
3648,1802.36270975749
3650,1928.2084979900183
3652,1826.406937722325
3657,1829.724211512784
3661,1585.1514687349102
3667,1003.3504406946699
3669,1257.1294893205652
3681,1111.57830508418
3689,881.3354025527221
3690,885.3311426841674
3693,848.913912446019
3694,949.2958610257506
3699,963.1567824605113
3704,1065.4266931162413
3705,1166.0716160423449
3707,1240.8829206414428
3718,771.5024926396815
3721,2926.438066796896
3729,739.9567193944906
3740,813.9957626302361
3743,2599.841802289318
3754,1508.0579090106926
3756,1336.8059700974206
3768,947.6025323298118
3769,1038.3633990491505
3772,1318.2751187336519
3773,1318.2751187336519
3774,881.2363284776659
3775,1445.4877008310302
3777,881.2363284776659
3782,610.3404832969336
3785,994.0110730189319
3786,798.3081194732869
3788,1291.3494132016333
3796,959.6190874585427
3799,1537.8176185137236
3800,1408.4556760881892
3816,987.3587927613025
3820,1194.1999803868082
3838,857.4771755100006
3839,623.1760888704016
3845,1173.2048874652494
3847,781.6922029842614
3854,1353.459142991505
3856,1317.1946955597957
3860,1885.9673465410885
3861,2279.8748563307313
3873,1249.065485665469
3874,848.2988844442162
3880,1922.239703156265
3882,1782.4367017158975
3886,1813.8667533634477
3890,1147.8761838870546
3895,1010.9520706668226
3903,1073.880035592919
3904,1273.2441534997258
3913,1309.5815526709766
3915,1261.973061375221
3919,774.5981156620595
3922,1931.0166158949332
3929,774.5981156620595
3932,1961.1357194144093
3934,1663.8654650443793
3937,1721.3494085228451
3942,1173.2048874652494
3946,871.7195130099659
3949,1086.2052421457108
3950,1078.493763070326
3953,830.506377568491
3956,1081.8531557335675
3964,1360.3353600355351
3965,1326.8502555084633
3972,1553.0492332314166
3974,1167.028600189021
3980,774.5981156620595
3993,1134.9059451427936
3996,1480.941682642947
3998,1108.679016960339
4000,1261.973061375221
4002,854.3356833110935
4005,1410.8116392017757
4008,763.6699090352556
4011,790.587042742279
4029,956.3458672602387
4030,1168.8423594216986
4031,1326.1487666859814
4033,820.1253155264561
4036,2776.8360322010144
4039,2223.232668776296
4047,1065.8072235269544
4049,980.8753747481717
4050,959.7400221618572
4053,862.3308106755815
4054,2384.829999061102
4059,749.4241871162614
4065,3018.0263416184334
4066,2216.3378378532
4072,1189.3763635196995
4076,1456.4907878684498
4077,1248.4074032643223
4078,1896.563242549332
4082,2034.2030888257639
4085,1637.6586756232384
4095,1737.75286962038
4099,1268.437385701272
4100,1275.2346429202516
4103,1240.9491735118065
4111,997.3864125559238
4112,1084.0535371398719
4113,1431.0993612257007
4114,1163.336168247801
4120,942.6464116713671
4122,1178.9185233735088
4124,997.3864125559238
4130,1394.4734756505895
4141,1032.2831361845886
4148,1379.3018998881498
4149,1008.10043380604
4152,1084.3434028440813
4166,1066.7772549331753
4170,747.6843958998564
4171,834.8389281294185
4177,800.8029327518807
4182,1056.955185854892
4185,767.6431017006373
4192,781.6971543959324
4193,764.3745850178807
4195,768.1675178350552
4197,2793.7991829526445
4203,1256.2230060415213
4211,917.942540770949
4216,1696.4598587157475
4218,1196.9118908470812
4221,1004.9789222941617
4223,1167.2317390925884
4225,919.3133095519944
4227,949.7772648236025
4229,1060.9935285957006
4230,1438.6918709639385
4234,980.7769119933705
4240,1011.1903400889058
4242,1167.2317390925884
4247,917.942540770949
4249,1438.6918709639385
4253,1394.014328823463
4254,1225.378428431933
4255,1255.99991300256
4263,1162.0307252324164
4268,1010.9477446381682
4274,1054.9666074193979
4276,835.8637255791855
4278,1010.9477446381682
4285,1466.102188393972
4289,872.8542882665884
4292,1620.3871981904533
4293,1537.0447450593767
4302,909.6614981990716
4304,711.5765836779877
4305,2037.3614891466943
4307,1598.1985640291064
4310,1197.663662761446
4322,975.5034731139244
4327,758.8490086752596
4330,782.7591303380555
4334,1661.84283139699
4339,1524.2082612491183
4340,1394.010150987878
4344,2910.764960140967
4345,1368.3427489588091
4348,1345.0448502993427
4351,1137.9950666737957
4354,744.1041651144117
4355,2496.9371356839547
4356,2556.0193064663185
4372,1244.3112341551189
4373,714.1009820045496
4374,649.5594361938352
4377,1512.9446492914508
4383,775.9417743478081
4386,1360.5826570504591
4388,1127.166457100157
4394,853.903490129963
4395,3799.870765826959
4396,3799.870765826959
4398,1308.3123096942268
4405,1236.4404791364293
4415,966.3965113021001
4416,789.8295374252853
4417,987.3455200545699
4418,971.5033539499641
4419,714.1365103649771
4422,878.4751140274628
4428,926.2787028319058
4429,787.9725992605731
4437,1073.7075959821186
4440,1203.4362021394768
4442,1233.059835088117
4448,1485.4662840255528
4451,1181.311234945954
4455,855.1708745028853
4462,1605.0504367732092
4464,1320.988172688575
4465,1193.8720546332563
4467,1075.1343608286704
4468,1354.5836254248868
4473,1320.988172688575
4476,1038.466319473895
4477,1418.8404671869841
4478,1024.1041783014152
4484,1136.1545861315085
4485,1289.819346308026
4503,1289.819346308026
4507,1380.0304725805318
4510,1626.3181300622412
4511,1014.5963452988351
4512,1147.9627838862389
4515,1974.588316078822
4519,1289.819346308026
4520,1123.9331878508665
4523,1972.7511035820878
4526,1613.704227246093
4529,1268.025798703762
4535,1404.9041425709556
4538,1195.7176312764057
4541,1015.4738387533453
4542,1090.7444072228493
4554,818.895547156623
4557,1235.635023017181
4561,870.0502775397415
4562,2687.7227451380213
4573,844.2471983345015
4574,1729.6326558533322
4575,2041.1991148260192
4581,971.1930668761277
4585,1093.516934476668
4587,1093.516934476668
4588,1138.8849794741627
4594,986.6241561514723
4598,1112.9105432078397
4605,1562.2831699820651
4607,1178.3769094175593
4608,1467.493037818611
4609,1264.8050937305802
4614,1029.2967622355468
4618,731.1492139707296
4620,2942.7826723399066
4623,1254.3062099406825
4624,1302.0524506678682
4626,1486.5290706338922
4627,917.6637916150593
4630,1244.4871304807396
4631,1044.2352291077977
4632,1045.1739735183407
4634,1004.3428630900345
4635,1871.258607939661
4639,1260.0096965477182
4641,1034.3681329539454
4646,1996.75247013665
4650,857.8180861502527
4658,1904.5199677205335
4662,1508.948040498886
4668,1041.4525759430135
4672,1128.6207491264536
4683,910.9737318138972
4685,1035.2839823240195
4688,1003.225198985006
4693,1360.4908925238296
4695,1259.1770700736988
4696,961.9238909413306
4699,1229.26011970442
4701,790.1009772927711
4702,772.241942137479
4709,2169.891695183837
4711,935.6788675485907
4713,1408.7351975886324
4716,1197.4362024209645
4717,2572.9779836313805
4722,932.8048577770167
4723,804.6189356607572
4727,1259.1770700736988
4731,1251.3671080146053
4732,1248.310076496607
4735,1197.8655270545094
4739,1460.4733553759547
4746,785.3944479634903
4751,1687.0357098742884
4752,1989.0372540344865
4756,1006.3566044193699
4763,3575.082054120378
4768,1906.0829946449378
4771,1712.5830150818258
4772,2000.6867561838847
4773,1463.9203035560367
4776,2000.6867561838847
4780,2564.6081901087737
4787,1355.659209592536
4788,1948.9318885595942
4790,1247.1729920665884
4792,1601.42798709441
4793,1769.1819874554487
4795,2753.603456233345
4801,1911.6506069736945
4802,1232.318205746131
4804,1479.326014085606
4809,1195.3002393468892
4814,1031.2469390898668
4818,1215.011979601845
4820,1492.1014990641813
4823,1245.710108066721
4824,1467.2523851481649
4828,1466.9476952702878
4835,1075.974644330852
4843,785.5635154639464
4844,1814.460069664313
4846,975.6149446335554
4848,1031.2665915404766
4852,842.5966693790081
4853,1006.2416656612911
4857,1466.9476952702878
4861,1037.2674666489183
4864,1215.011979601845
4865,886.2664203845117
4878,869.7480222234193
4890,1662.756706597492
4899,879.2527845679807
4901,901.3294493670527
4903,845.2710855782103
4904,920.230728644594
4907,764.0589430445773
4908,988.0900194815681
4909,635.2740294035649
4914,1117.469081201609
4915,1083.1196918095684
4923,1657.5141507117337
4924,1734.1984984584763
4930,1063.9651340871626
4933,758.9467310968595
4937,1232.318205746131
4939,1384.01141405923
4950,764.2369527495184
4951,832.0910300640077
4953,1538.4240369870854
4961,806.3297042397571
4962,2292.954461872205
4966,1069.243492145887
4976,1255.8945010849322
4978,905.3636321565057
4983,1410.259437341629
4984,3848.206453105203
4985,2290.2135916529237
4986,1147.0239140248798
4990,863.0986749900693
4993,1258.6501970683858
4994,2029.1141775992512
4996,1441.2014882349238
5004,798.2195046999894
5008,762.7075695242894
5010,1218.6854707170135
5012,945.9744731409841
5013,810.7597922951863
5014,945.9744731409841
5015,976.3823113743562
5020,1214.1877183241397
5021,1075.1580347473785
5022,1634.457076050825
5024,1139.1338071956473
5027,1184.9619815800702
5028,1178.16199610335
5033,968.449844323376
5034,968.449844323376
5035,772.0131366051004
5047,1177.0908520087646
5049,659.3242172792966
5051,1948.6143606408723
5059,1642.5021382928633
5063,3966.7858791884078
5071,1379.4569627887893
5072,1332.0940813965592
5091,1359.6915405688794
5093,1395.7554405361914
5096,1252.913054543247
5097,1304.764057942215
5099,1127.0416948260531
5101,835.3182530266167
5107,1186.0500583099772
5118,1030.3672932726695
5121,926.5719451638032
5124,1340.3547879349896
5130,1000.2585775236166
5141,1088.7698988967547
5146,1269.8850008015468
5149,1321.7355019758368
5153,1049.8128124711704
5154,1064.9633252926421
5158,792.369958784958
5166,1280.2694237068579
5187,2213.270399650123
5191,1202.4790812114254
5193,2114.6549322961228
5200,1327.3179369756715
5205,1110.775985896071
5207,1231.5655604327956
5211,1055.894455326412
5212,1780.9907160086705
5213,1038.8310865224998
5214,960.1682463290281
5216,2249.814469254962
5222,1075.591802793369
5225,2090.8762655146547
5226,1360.6713894566476
5228,1518.047932230958
5230,1300.9636377658562
5235,1221.402152919522
5240,1870.1670068885667
5245,700.6367755031166
5246,1338.456361147761
5247,1871.0509171222739
5251,922.8437058822317
5256,1082.37623268073
5262,1523.3820121369465
5266,1238.7427819757627
5267,1099.1268126568093
5271,2117.0358455830738
5275,1338.456361147761
5278,1279.0463009394605
5279,1134.4315689353593
5285,1435.871019802079
5293,834.7857416790605
5295,789.9090540448303
5299,1094.573583165291
5301,2043.6918892585684
5304,911.5174884364693
5305,922.0935719796629
5314,999.3406597759187
5319,1173.5503334742677
5324,1426.8451214907252
5326,1381.1731031233412
5328,1751.1266271464235
5333,1712.6496696382983
5334,1338.456361147761
5337,1338.456361147761
5340,904.2632545159822
5341,1191.8019222331832
5345,1250.7407351298289
5355,1077.8774412934217
5357,1091.0940963106339
5361,2763.789857507484
5362,3776.940590913871
5363,2531.4741404373513
5365,2621.3889238948927
5366,2318.5864994524054
5376,2203.668493445581
5377,1975.4417031566034
5378,1618.3242110925219
5383,1683.7317213028618
5385,1195.5386452186874
5389,1151.9703392574206
5399,1317.0697478050013
5400,1487.3954373311894
5405,1432.5269380556201
5408,1002.9587716405701
5415,1057.280063262066
5418,1517.8323681882212
5428,1144.6165774460792
5429,999.3406597759187
5431,1167.3981580744367
5432,964.7161706052116
5437,1012.2305029886151
5439,1077.96900195719
5441,1090.4834826351034
5453,1012.2305029886151
5455,1033.8983547062799
5459,963.9856709847547
5462,893.477051868571
5467,978.2054816946887
5471,679.5303521352128
5472,905.8031926718182
5474,1026.205378837531
5475,676.679130757357
5479,3883.4564405080673
5489,1536.6534355027668
5493,1285.0012002707012
5494,1614.7326737199814
5501,1041.758492326465
5504,1124.7012485073683
5505,1095.0920809668642
5508,2164.1677587222484
5509,1820.844490643569
5516,1210.7210287124265
5539,1156.154795406893
5550,1837.316343501342
5551,1514.993725214565
5553,1971.4975548384252
5560,1550.721171544737
5567,1598.3040466716866
5569,1177.7855338869122
5571,940.2117798732608
5574,2339.629392761937
5577,1082.37623268073
5578,1252.7346033752226
5580,1069.60006844411
5581,1204.4965546384642
5582,1085.8775690820553
5584,1060.0292218050593
5585,1006.079241857799
5590,1884.3519475405158
5596,1203.2110364108441
5598,1647.774187117009
5604,1331.6254719047274
5606,1107.4909310593966
5607,1230.6469442303019
5609,1111.400254159087
5613,1131.6986135635887
5614,972.8284344450548
5615,1195.699143727457
5618,858.6120711226555
5640,2277.188007634573
5643,2780.529959321274
5649,1277.3881558796004
5650,1239.3664833640905
5653,1371.2061700735517
5655,1277.3881558796004
5665,1102.4221926995515
5667,1030.1164241044335
5682,1338.456361147761
5685,1052.6981445488625
5688,1168.1952752484542
5695,2089.114942096118
5696,1697.5354335882953
5701,997.3786784378576
5708,1085.6117004632365
5709,997.5749717617357
5715,1341.9035113407879
5716,804.9758915557649
5719,1342.7751385615625
5720,1053.343175688766
5730,1565.2853576115947
5731,1565.2853576115947
5732,1221.9992313418975
5734,1088.7192572266315
5737,1797.168960285433
5748,963.8585710001483
5749,970.2205449251419
5750,851.8251497894531
5755,1366.73494506695
5762,3951.762882060345
5771,1227.479056384866
5782,767.5549868071085
5791,1260.3970893381074
5796,1295.0777262689996
5800,1026.1159127761468
5803,1561.1988865784408
5805,1360.8140195442381
5810,1019.9591160597167
5814,1529.6716521848111
5815,1440.4478966534502
5822,2003.2872935196247
5826,1126.770546115473
5827,1312.2938315297752
5830,1678.0066603488453
5831,1287.8931831013429
5837,3050.473910713532
5840,2291.6637232753337
5841,2590.5141531843983
5853,1440.4478966534502
5854,1927.530909311649
5858,2016.6577324198095
5863,1867.7653946421085
5864,1575.4849077073413
5870,1310.2013409997592
5877,1875.6191457743623
5885,1363.5529403918672
5900,1042.861947278934
5904,1363.5529403918672
5906,1750.3200088729357
5910,1031.9982793019467
5911,686.9729272353893
5925,1111.178718461662
5929,1403.8931782739005
5934,1688.0815323982754
5939,1195.843099993076
5941,814.6431093200391
5943,972.3065029371584
5946,972.3065029371584
5956,840.2387220243513
5958,1020.5059109900435
5959,1020.5059109900435
5962,1022.5513130524716
5966,841.1583309632263
5971,727.0957832281098
5975,846.8693309457884
5983,1664.1114334413717
5988,1250.4262011143749
5995,1366.173553509949
6001,3065.5799193166354
6004,1688.0266216684486
6014,1312.9123571470982
6018,1061.1844905714306
6021,1070.8665932698884
6028,1019.9327632327961
6030,985.7994360656439
6038,1209.8850694403038
6042,1117.0381085980337
6044,1049.7386996247478
6051,1003.2325480739471
6059,1186.8400081436625
6063,1941.2194205737283
6067,1508.7024934807757
6068,1249.7587167984075
6073,1055.3476175826058
6074,1376.8825078317877
6080,787.6895613313857
6081,2133.2513365394966
6084,1736.4570978632491
6085,1227.5994056914012
6087,959.192726494157
6088,1066.5163427895334
6089,827.5450889293276
6099,1244.949866767765
6101,1384.4418676535968
6102,1461.140916919171
6106,1155.074913696648
6108,912.37858317486
6109,827.5450889293276
6110,1460.8173408526209
6114,3023.571308345265
6121,1547.4774672561239
6126,1077.5138793764002
6130,2535.1096590496168
6131,1791.7578038833012
6135,1249.3909247663246
6138,1187.6862054413848
6139,1061.475484367149
6148,742.71850453413
6153,1820.0801921692223
6154,1816.1901005386399
6156,1359.9781350515823
6157,1355.6003765307703
6158,948.2283166230683
6162,2191.9847998512396
6170,1074.4535618871344
6178,1266.6290261034792
6180,1321.91576963243
6182,4651.344712325189
6189,1938.6367407196672
6190,1938.6367407196672
6192,1826.8655640900013
6193,1825.0191231256806
6194,1958.4466113166943
6197,1268.7823161975375
6199,953.8488342972128
6201,1373.7304413256445
6202,1209.570172064159
6204,1753.7165936107142
6205,1522.7623375866278
6207,1340.3237606934144
6212,1065.658267890131
6216,894.1789760264495
6217,1479.0511594605116
6221,1507.0740239171687
6222,837.5002056193458
6225,1395.2630919072267
6228,843.0752699087263
6235,1770.8792528178137
6238,1816.7122059666394
6241,1285.11727258988
6243,1285.11727258988
6248,1285.11727258988
6250,1285.11727258988
6264,1509.9568835462917
6267,1112.084002050052
6271,1208.0173670212123
6276,2027.0073294589997
6292,1128.1532975806042
6297,1436.3305222056742
6307,1425.3270625021553
6309,1308.8459781759473
6310,1434.7784060836248
6312,1705.740452314378
6315,1227.5439778403388
6323,2377.275437364151
6324,1270.1705558121678
6327,2006.0156750515705
6329,1816.3064851752488
6333,1279.0486954313096
6337,1458.639941864458
6349,1372.8710480292334
6353,929.0901971296914
6362,977.814761465087
6366,942.6746444676331
6368,1074.9625475746082
6370,1072.3314970480544
6373,1056.9225040410702
6378,977.814761465087
6381,1208.7317847521672
6385,1052.741193817552
6391,821.6233891210231
6392,1849.0640982928696
6395,1306.3174384513568
6404,1393.4005795035853
6410,1145.4316699146632
6411,1300.8869174891952
6415,1117.3063140723523
6420,1879.4721426634949
6428,1739.4154415425558
6429,2278.4057392448576
6430,1944.6790160989308
6433,1167.2797790820764
6434,882.6012286381497
6438,1069.9071110368172
6441,1365.3798484063743
6448,1364.9872257056684
6450,1175.4516390546685
6453,1068.2453874112252
6461,880.712708314848
6462,736.8164884828079
6463,904.0648762526897
6467,992.8287901955334
6476,749.2723607023047
6482,1698.6765231145973
6488,1207.955150634162
6492,3361.8834411130742
6497,944.0782645894064
6505,2163.468267977887
6506,1769.0793792473992
6518,878.8372669096703
6523,1801.4191520459465
6524,1385.66350896416
6533,2280.6866329347476
6534,2692.3334143112625
6544,1346.1483316040644
6551,1516.5645789558391
6552,1639.933573758513
6555,1258.215008183288
6556,1294.3664405747277
6557,1294.3664405747277
6558,1547.6042180110758
6559,1294.3664405747277
6560,1294.3664405747277
6563,1419.118327358004
6569,1010.985897323423
6577,1171.2006412790022
6579,1170.694055759122
6583,1023.5347756940781
6591,904.0084606899002
6592,848.9613799738202
6594,1940.5333966704488
6598,1324.5986157914006
6604,1510.2509444234156
6605,1276.0323890989876
6624,1425.7575857666707
6631,1084.0425124298363
6635,1359.5087107116212
6638,1214.9967587825865
6640,2017.527949332096
6643,2020.4262391093112
6647,1331.8007872250955
6649,976.00689077768
6651,1468.703339001284
6664,1001.475035378417
6674,800.544402110219
6681,1104.1710674105573
6682,1078.1804114214933
6683,1144.484968016551
6689,2483.5581241552513
6692,991.5192722265047
6694,3032.971360573866
6700,2405.051193624555
6701,2542.405020600656
6704,2218.4136193125487
6706,3287.9108581285795
6707,2147.0544579558523
6712,2037.4266021461954
6713,1982.6158264568105
6714,1765.7592907851576
6716,2179.816378334894
6718,1402.590021963168
6719,1947.8788439396399
6720,1533.3366697550148
6721,2340.2260162396296
6727,1515.0576018331963
6736,2101.4917461708856
6740,1799.172559521983
6741,1232.923797990084
6744,972.1098865095296
6747,968.580051224282
6750,1551.5377535936773
6751,1615.0887066913217
6752,1386.509910684564
6755,1287.3130510284634
6761,1131.2510437087822
6766,1299.8701811225321
6774,1112.8289561044414
6775,1039.8331803967299
6776,818.8605404106264
6786,1520.2310404068273
6787,1098.4213501076251
6791,1042.6663538527532
6795,1143.139430738444
6796,1205.1128050832851
6803,934.9540884337777
6815,834.9756244241639
6819,2043.4542749654493
6843,988.4754206631233
6848,857.5422530223194
6849,747.2901170669312
6850,2022.6758034126235
6851,1403.0464915986809
6857,1384.0292967615178
6859,898.817510031844
6860,1019.9646315940081
6866,1429.4013275821342
6868,1002.1887365191459
6871,2311.6262079930007
6875,1174.8049374395875
6878,1126.511836444564
6880,1016.1654666410229
6884,1283.754846937154
6886,866.3236208741681
6888,3783.7089582877256
6891,1114.9945542358996
6902,1464.612246859706
6904,1267.964504392476
6907,1120.0922067530219
6909,1320.1987433739853
6910,920.4748870846205
6912,1137.463713284113
6915,1829.8814286836175
6916,1067.174161622811
6932,1338.707451849328
6935,1281.6096970059082
6940,3075.873463347479
6947,952.1497845678665
6949,2501.2312262529613
6953,1380.6087974886136
6954,1120.919478065105
6955,1120.919478065105
6956,3079.791865474374
6965,2520.8293564937753
6976,3201.0665265304133
6983,1587.7041841202847
6993,1272.5365005593994
6995,987.0303654885927
6998,2304.9117355274584
6999,1206.672201464523
7000,1869.0082664073896
7008,1003.6725294231094
7017,1168.2631430028832
7018,3441.288933709737
7019,2552.732208002138
7021,1157.2285196311468
7022,1034.5212320455328
7026,920.8176523007295
7033,1880.4904345413818
7035,842.0046867371731
7037,1043.2555493337156
7038,2076.990912772505
7048,1218.3444058604834
7049,965.1845453231132
7051,864.6589633343558
7059,2925.1491419386048
7065,2052.8501791629496
7066,2453.140461216737
7067,1676.1321181506607
7068,1136.6727743541492
7073,1242.4354969611472
7075,1184.321368471975
7076,1149.7571357743
7077,1537.7097174923424
7078,1368.9848733247834
7083,1141.9702371222752
7093,1178.6145051745539
7108,1541.715452832868
7110,1977.3622510444666
7131,1352.9131786825158
7133,1251.4536600448423
7144,794.3702767913087
7147,2761.4393124720805
7150,1466.4961451366348
7154,1484.6937034380799
7156,1096.8937254504885
7157,963.7771686898473
7158,963.7771686898473
7163,2122.4396010621367
7168,1449.5322176786692
7170,1291.842737647532
7172,1140.5139205801368
7174,923.0145413845662
7181,1159.577538337411
7186,2416.4534881240866
7189,1276.5583278871704
7196,2015.4366728475
7198,1581.7831391252876
7201,2616.022847893595
7206,2175.210769604651
7208,2463.7129781468
7214,900.0811565036269
7218,905.6915795986779
7223,2773.740599936919
7224,1803.4954941912795
7225,1554.5746726291504
7230,1317.2007103850015
7235,1192.4930572989865
7236,1494.0412979818004
7243,1458.3761111188824
7244,1296.339328402182
7250,1482.7835849915264
7251,1547.2194980135305
7253,1068.6147937161315
7255,1227.9556611875842
7256,1099.224421976304
7258,1028.595520764577
7264,1466.7127836508478
7265,3284.7425449663815
7268,1629.2160875964112
7270,1437.9739032759196
7273,2020.121350176621
7277,1626.212398278342
7278,1466.7127836508478
7279,1232.641044206664
7293,1545.0675149533674
7299,1955.6732273458472
7304,1217.385197237105
7306,1349.1982843567473
7309,1113.9762110625704
7311,944.6097242747
7314,2126.6832166519
7316,1316.158267011643
7320,2014.1291877659446
7321,1218.7887778733066
7323,782.9500441139855
7325,1220.257831516108
7334,2727.6281737096974
7337,2313.355790271919
7342,1843.8880080156273
7343,1794.2795298248911
7345,1538.5848818427912
7348,1063.850403637028
7350,1438.0219595177434
7353,2834.721917821321
7355,2982.077947683246
7362,3517.092790903009
7372,1406.737367142274
7376,2239.916675239694
7378,1689.0295566917507
7380,2727.433739696762
7382,1957.9288536489757
7383,2199.801644753982
7384,1494.9046843881401
7385,1856.731367245692
7389,1247.942067126318
7397,1293.4588473755898
7400,1501.1512504078821
7408,1156.0544914806233
7413,2300.506444971269
7415,1071.3138939312876
7421,1310.830704665291
7429,1152.3242085922377
7430,1146.5848199140635
7439,1038.0196924923866
7443,1028.9769208470823
7444,1655.6575561612465
7445,945.646393991823
7446,975.1885241070775
7448,1235.5563051172473
7449,1065.6918917302605
7458,2534.3605966496925
7461,2406.1517231430835
7463,2476.794800616265
7464,1862.9433733741816
7473,2077.5101943121904
7475,1093.5107996324332
7479,1127.8177188344346
7482,1840.871145417173
7483,1446.538424911189
7489,1981.2927864862722
7497,1172.4992782433276
7501,1389.3633316573196
7517,1863.7371412656182
7521,2227.215106482101
7522,1665.8051443060372
7523,1228.349285773281
7534,1289.5834804511405
7541,1260.5860241367043
7543,1418.5448414339587
7545,1153.9174331703875
7557,2310.569374215685
7558,1347.5663655484232
7581,1354.3739716463626
7591,2002.3921360063819
7612,1272.4974816665283
7616,1415.880075793569
7619,1099.7931549170282
7620,1250.6351707423976
7624,2429.998864744715
7625,2529.0918529792007
7627,1919.2804994504484
7641,1269.8859022366767
7648,1096.7445981019312
7654,1408.5917422057867
7656,1235.4088355931383
7661,1480.8174936798684
7662,1480.8174936798684
7664,1299.5219169176817
7666,1349.7507219067154
7672,3972.4807630174655
7679,1474.672689916034
7683,885.4526275702325
7689,1578.8786665881826
7692,1258.6574131066434
7699,1257.4117977424803
7702,1619.6783891360644
7704,1083.9541997519382
7707,1361.407687798673
7712,1459.551356068939
7719,2059.579726964789
7720,1884.591627307474
7725,2998.521677177013
7728,1168.9744679640921
7736,1291.1164840228435
7743,1265.8800862535725
7753,1056.6620508328283
7756,1128.4605385274258
7759,1264.507701861266
7768,1076.419894991415
7769,1165.3926003533884
7771,2819.5864621770083
7774,1062.9211083268194
7775,1087.5434775010638
7776,1650.3417942515778
7786,1227.5618196402422
7788,1862.85994450157
7793,1304.6550523142373
7798,990.7642791160612
7810,1912.1840960334346
7817,1407.4214904386463
7818,1858.8504758161414
7820,2276.2003077224977
7822,1961.2670518923649
7827,1459.0003884523876
7829,1417.9138948591378
7835,1157.6860717401726
7837,1498.9526160144003
7839,2187.775837911426
7841,1526.1052738604405
7842,1499.6152559004793
7845,1461.75118320774
7851,1663.9097979261019
7855,1472.1229234453192
7867,2046.9813581777096
7869,1375.6583135363169
7876,1498.0775642608824
7877,1820.3559799491834
7882,1390.4387672961768
7895,1931.1370082189571
7901,1297.7805877397739
7910,1370.1890190452878
7912,1387.6758702315915
7916,1621.8000266874124
7923,1348.0517570889674
7929,1082.6141240170048
7932,1397.8920654691863
7935,1866.3704870254303
7938,1310.2485279695622
7939,1310.2485279695622
7945,1442.778574389351
7949,1478.7687004277516
7950,3244.4388255532995
7963,3058.08136421733
7965,2149.7962133184874
7968,2713.2664975558637
7970,2452.458780106545
7976,1931.366953175361
7979,2147.463476690832
7986,1652.9300269950036
7989,1585.6706070269063
7992,1046.8547815702022
8006,1322.072721659091
8014,1205.699701937373
8023,1061.1069940921843
8024,1236.4907655803129
8025,1028.5675920644119
8028,967.5239328707047
8036,1106.0872309302526
8037,1025.8433833788904
8041,955.5436196523104
8043,1128.1744504403823
8049,1088.8332119869067
8052,887.2198691735251
8053,912.7268669940495
8058,1380.804270322927
8060,1285.038195550961
8061,2953.906450612112
8065,1667.2784931706121
8067,1262.1283167784395
8076,1239.848445083538
8077,1376.4511269783454
8082,1270.6924208867595
8085,2033.2703413125469
8087,1477.697701309475
8088,1445.9608162272118
8091,2927.695427653032
8092,1572.7668180513278
8093,1559.1221773660661
8094,3696.161693216903
8095,2535.449430506696
8099,2201.428852945516
8102,5582.323028007853
8110,1312.3421825151809
8116,1432.6044287930567
8118,1501.0146247797006
8132,1074.47982041818
8139,2612.296798519299
8142,1303.01504337226
8143,1253.6431596499967
8144,2282.9970670441276
8146,1117.2316298624664
8148,1664.4454802681378
8149,1254.9543188660857
8152,5133.825588566427
8154,1441.761692877232
8157,1416.6379398371198
8158,1527.9653056287696
8162,2860.440398754624
8172,1329.6555512882742
8177,1784.6181808798692
8182,3197.7486673874164
8183,1798.1000057128706
8189,1658.8841027103467
8200,1353.3286250827882
8202,4206.819848399829
8205,1430.5779424258385
8206,1133.5933625756827
8216,1479.6475014855373
8219,1491.9595283678345
8223,1496.8517561839287
8244,1290.9996509581358
8245,2486.1127299086857
8247,1619.076931333797
8249,1228.66086866862
8251,1140.8181136608432
8252,1121.9996912321476
8258,1134.0317963104785
8261,2144.7681348719557
8262,1976.7452461538853
8266,1393.9708141102196
8269,1530.340735198683
8271,1582.4033207958269
8272,1748.1170607774488
8276,1226.8219666552573
8291,1310.1225683172545
8297,1150.458083370677
8311,1350.862959496122
8319,3606.141542655645
8324,1819.3845450900628
8326,1272.8549134993816
8327,1436.7987175645967
8333,1918.970266415121
8345,1076.7324482386396
8348,1562.2764528233515
8350,2366.05009353359
8354,1908.9486507462732
8365,1340.853193838865
8368,1403.906172128314
8370,1861.7698051987372
8385,2849.7112227789116
8386,3500.1851813534245
8387,3603.183554466807
8397,1270.5974121714146
8398,2351.7482701481877
8400,2260.9354970912696
8401,1819.7624755494212
8405,1397.4413964649136
8410,1583.306946584698
8412,1520.1589311376551
8414,1587.4647859881175
8418,1182.2299416107605
8421,1778.7941096615964
8422,2298.7991242070416
8423,1599.0415590519353
8424,3396.7878638214643
8425,1577.8895834359462
8436,1472.170155096359
8445,1986.5919239028544
8453,1601.8300153109328
8455,1379.4999254229754
8459,1915.7114125863716
8460,1786.6384347532562
8461,1915.7114125863716
8465,1140.2201028219692
8467,4743.973764080926
8468,1544.1468376030373
8476,1311.7182729761096
8483,1115.672429231087
8489,1909.5023051600654
8492,1480.1071775467294
8496,1561.5235373807257
8499,3490.4216413762806
8500,2162.3368953976474
8505,2879.867677394995
8515,1446.0272389879947
8521,1256.8243743985802
8526,2641.901243782566
8532,1446.0272389879947
8535,1521.6355787467985
8537,1648.6329233042936
8542,1300.8775504892674
8544,1964.3807364523293
8545,1383.0721920217243
8548,1479.9917294455022
8549,1471.3349648557846
8556,1115.137228370936
8557,865.035870026696
8561,1300.390827685548
8563,1352.9678622874512
8565,1354.4691042582774
8570,2990.521582326134
8579,1474.2894974258431
8587,1304.5640191280156
8588,1340.8517118137468
8589,1301.8862299440148
8599,3608.7923215544915
8600,1750.727792793458
8601,2317.963923882373
8604,3077.68378441734
8607,1507.9500301116432
8609,1316.6385672874094
8612,1347.3998980854337
8613,1616.270782143388
8614,1397.033764146334
8615,1616.270782143388
8618,1554.829343515983
8630,3236.7767568680097
8631,3033.3967826405596
8633,1764.2785768956296
8635,1484.3797308180397
8644,3042.954582684757
8645,3316.3495424132416
8654,1365.7928817149273
8656,1624.7186808182096
8662,1993.923374318759
8665,2192.199758627375
8668,1643.9922166754768
8669,1386.3692949967742
8675,1594.4447916515417
8676,1123.8489414682867
8677,1372.9636953290023
8678,1093.4953194163743
8690,1597.167194116567
8695,1371.9465791964392
8700,1471.589014896413
8702,1594.92028641039
8705,1933.4385730996025
8708,1516.150076850361
8711,1401.35117059104
8714,1731.02059192103
8716,1743.3258428494667
8721,1372.9020602155656
8724,1726.106224976922
8727,1785.334729605084
8728,2022.4625408569757
8729,3142.221125056798
8730,1447.8489000555564
8732,1523.319482934618
8733,3262.748841600771
8736,1589.1255527218066
8738,2169.2009452639886
8740,2123.720770490948
8751,1779.528729095434
8762,1502.5695117867253
8763,1388.7408116069098
8765,2430.3365846333395
8766,1257.5591661001724
8770,1459.9812618820831
8775,1392.374376577165
8776,1331.1052352817492
8778,4693.036041569641
8779,3949.8106719694756
8786,1379.1874399545065
8790,1616.6185768982516
8792,1336.9792660622597
8798,1660.4282013269335
8800,3752.6378555304473
8802,1739.2007098704705
8805,1525.3759192591951
8813,2860.5160993834597
8814,1885.2102560318422
8820,1995.6617964856596
8822,2187.2107664641726
8828,3238.415349118768
8842,2825.6497440124117
8843,2163.784814324048
8846,1179.7168776164135
8847,1506.9519399750343
8851,1367.2798574994192
8853,1278.3642141812795
8854,1549.7126041290228
8859,1140.7311076565443
8870,3397.1940671994917
8872,3161.703772500069
8879,1566.9748141660882
8885,1691.4880369847542
8890,1303.078483291468
8891,1542.4532358517095
8892,1738.8663562970698
8905,1323.4510177212767
8907,1922.7822249555995
8915,1764.2018244729165
8920,1625.2831223420696
8922,3635.5027449476434
8923,2984.837599165782
8926,1379.5023530591081
8929,1474.2257702375098
8930,1395.0044381486418
8931,1500.6140489655827
8934,1494.102764832381
8936,1427.8015061207416
8960,1056.2212051294803
8962,1529.2665119275478
8966,1629.218266405374
8967,1346.0017201482956
8976,1628.7519696912289
8981,1670.5160625332874
8983,2006.3951405891396
8984,2370.676656195312
8992,1217.6066514869647
8994,3418.4763361664473
8999,4543.300253224517
9004,1422.7072424971445
9009,2796.88286358489
9013,1503.4397016300738
9021,1399.012775234637
9022,1493.9971286907758
9023,3494.352349512984
9026,2530.058327684149
9027,1879.330580953455
9033,1490.65231987382
9037,2044.1586272768216
9039,3107.662612075152
9043,3420.8924373152045
9049,1355.2753842996485
9053,1726.045397139886
9056,1234.1100536736622
9058,1781.139688073379
9059,3634.9325398786477
9064,1275.2603054962278
9067,1300.2279199366444
9072,1425.8058420859466
9079,2814.7077913631256
9085,1187.9794823895936
9086,3615.536247939912
9091,1360.7088746089241
9093,1953.8939365509955
9103,1394.0667256735144
9110,1425.9907826351039
9115,1480.0003078948148
9116,3115.0876879523594
9126,1592.707849954446
9130,1239.9711852277042
9131,1239.9711852277042
9132,3207.663368619183
9136,2686.05614474473
9144,2266.303089398845
9148,1923.2139256370688
9151,1407.3667205118122
9154,3501.8554220881697
9155,3768.360633990398
9163,1447.8089292084321
9167,2326.9775823956793
9169,1204.844565925153
9170,1204.844565925153
9181,3266.1898454867987
9186,1907.6631926912103
9189,1557.4479302872337
9191,3074.8906136755527
9194,1898.5384864798973
9204,3545.2026522912483
9207,1412.346930600463
9214,1407.5200669550284
9217,1452.1661026208128
9220,5235.148089985046
9223,1661.5840832940569
9228,1766.3837099703321
9233,1587.3378983170533
9235,1627.0781814189313
9238,1604.189739833521
9239,1636.4393105811635
9249,1509.3481906927009
9259,4973.495886471193
9270,3412.2779425916688
9276,2934.3550468263766
9277,2620.7287806787617
9279,1826.173236261944
9287,1523.875767131493
9288,1124.792867792801
9295,1726.8679755783082
9296,2696.453250125164
9302,1543.737159282995
9304,1460.0511000864724
9305,3123.6719570866085
9318,2053.9939670693334
9320,1439.8761155377053
9326,1669.9346121875099
9345,1222.685850828234
9351,1455.6041918190665
9363,3589.572780311235
9367,3833.1769618835247
9368,1782.181756072782
9372,1701.225112144361
9382,3582.0783658572395
9386,1568.6044903602601
9392,1449.5801581887383
9396,1872.763037420938
9402,1640.1471146511612
9407,1404.5226987632122
9410,5339.436497029673
9412,4069.6893845210616
9413,3782.075821815522
9419,2436.4162082515586
9420,2903.3197149442512
9423,1720.1162688372451
9427,1533.8024321438984
9434,1825.979309272399
9441,2731.405070349878
9446,1457.7259768673796
9451,3274.42284271078
9455,4279.427592693911
9459,3260.7474807258086
9460,2570.3468039841146
9461,1834.485729088153
9469,3347.176704494975
9471,1918.546650960128
9478,1690.2137778804947
9479,2092.6654049069953
9480,2342.2860083363225
9481,1615.0333419084006
9486,1632.7898961730245
9489,2547.3005948143928
9490,1408.358809916722
9497,1381.03699712127
9500,1357.8158408973552
9501,1509.6516251291505
9506,1578.539478942704
9507,3372.2261259258034
9509,2098.200797702463
9514,4542.251148756451
9517,3488.8844446378753
9519,3421.0364492029107
9526,1926.5618592208157
9528,1639.5912855796985
9534,3250.670921431395
9536,1345.4484739746094
9542,2084.190223937224
9545,2148.2977759743526
9547,2591.6405288892006
9554,1712.3150071546424
9560,1619.77691964503
9567,1597.462398058215
9570,1299.674232594983
9571,2067.968922954924
9574,1784.3728972471033
9577,2020.7379146234682
9580,1056.0189178051912
9581,1269.1279356589625
9582,1430.7526823943738
9583,2313.601186346279
9584,2267.992392169223
9586,2190.4242224234736
9591,932.091760897314
9600,1325.3726664992978
9604,1960.3117061964117
9607,2116.667866170969
9615,2988.2704353418953
9622,2233.1820114929083
9623,1582.1435288276123
9634,2238.4855608450616
9640,2603.435519995636
9641,3846.6617554518057
9647,5040.913460874168
9652,3121.821852043946
9653,1661.5449959892244
9654,1589.442532053786
9660,2393.2161737819065
9664,2349.462087992182
9665,2973.8589196388316
9667,2090.9043204352197
9674,3194.8993858106023
9677,2282.671949604838
9682,2082.2664197703934
9685,1610.4997970698303
9696,1313.9372911412172
9697,2622.801736345495
9698,1872.3691620520062
9701,2928.030365566463
9702,2970.9492637227727
9703,2268.705209548584
9713,3280.3624577020037
9719,2081.115188139507
9721,2593.0461408596266
9724,3659.772967782781
9726,1553.8999152321555
9727,754.8998499978212
9737,3398.28908246972
9739,6292.8558541202465
9740,5104.049890582145
9741,2542.5454194413446
9744,4258.598892794114
9748,4937.351640124165
9752,2528.811158544506
9753,1648.313806038683
9757,3865.0003924292423
9759,2617.5321248147948
9762,2256.5909225945406
9765,3689.7941163228384
9766,4888.264883841214
9769,2355.435256998221
9775,1707.673786752509
9784,2836.794421148467
9785,5529.660948955014
9787,4953.586785984078
9788,6733.21305663216
9790,4992.577219430376
9792,4983.7920889487805
9801,2344.5625942798656
9806,3538.6442332939464
9807,7341.767496514428
9808,1383.8113111915493
9813,7116.553712035637
9814,1772.9876738722137
9828,6196.5765803260265
9830,5834.415939088159
9831,2246.574927703874
9832,2712.0685455771445
9840,6579.46577976913
9855,6147.024125637423
9856,4922.0166019153985
9859,5734.661785005873
9864,5824.909783849303
9865,1274.269408312299
